CODE_MUN;Cluster
1001;0
1002;0
1003;0
1004;0
1006;0
1008;0
1009;0
1010;0
1011;2
1013;0
1014;0
1016;4
1017;5
1018;0
1019;4
1020;0
1021;0
1022;0
1023;2
1027;0
1028;0
1030;5
1031;0
1032;0
1033;0
1034;0
1036;5
1037;0
1039;2
1041;3
1042;0
1043;0
1044;0
1046;0
1047;0
1049;2
1051;0
1052;0
1053;0
1054;0
1055;0
1056;2
1057;4
1058;0
1059;0
1060;0
1061;0
1062;0
1063;0
1901;0
1902;5
2001;4
2002;3
2003;0
2004;4
2005;6
2006;5
2007;4
2008;4
2009;0
2010;5
2011;1
2012;0
2013;1
2014;2
2015;4
2016;2
2017;1
2018;4
2019;5
2020;6
2021;0
2022;6
2023;3
2024;0
2025;0
2026;0
2027;4
2028;3
2029;0
2030;5
2031;4
2032;6
2033;5
2034;0
2035;0
2036;3
2037;0
2038;4
2039;4
2040;4
2041;1
2042;2
2043;4
2044;3
2045;0
2046;0
2047;1
2048;2
2049;1
2050;1
2051;5
2052;0
2053;5
2054;4
2055;4
2056;4
2057;4
2058;2
2059;6
2060;0
2061;4
2062;3
2063;5
2064;2
2065;2
2066;3
2067;4
2068;6
2069;0
2070;6
2071;4
2072;4
2073;0
2074;0
2075;0
2076;2
2077;1
2078;5
2079;0
2080;2
2081;0
2082;1
2083;6
2084;3
2085;1
2086;1
2901;0
3001;0
3002;0
3003;5
3004;0
3005;0
3006;0
3007;0
3008;4
3009;5
3010;0
3011;0
3012;0
3013;4
3014;0
3015;0
3016;6
3017;0
3018;0
3019;0
3020;2
3021;0
3022;1
3023;5
3024;0
3025;0
3026;0
3027;6
3028;4
3029;0
3030;0
3031;0
3032;2
3033;1
3034;0
3035;2
3036;0
3037;0
3038;2
3039;6
3040;0
3041;0
3042;0
3043;0
3044;0
3045;0
3046;0
3047;0
3048;0
3049;0
3050;0
3051;0
3052;0
3053;0
3054;6
3055;0
3056;0
3057;6
3058;0
3059;0
3060;1
3061;0
3062;0
3063;0
3064;0
3065;0
3066;0
3067;1
3068;1
3069;0
3070;0
3071;0
3072;0
3073;1
3074;0
3075;0
3076;0
3077;0
3078;0
3079;0
3080;0
3081;0
3082;0
3083;5
3084;6
3085;0
3086;0
3088;0
3089;0
3090;0
3091;0
3092;0
3093;0
3094;0
3095;0
3096;0
3097;0
3098;0
3099;0
3100;0
3101;0
3102;0
3103;3
3104;0
3105;0
3106;4
3107;0
3109;0
3110;0
3111;0
3112;0
3113;0
3114;0
3115;0
3116;0
3117;0
3118;0
3119;0
3120;0
3121;0
3122;0
3123;0
3124;4
3125;0
3127;6
3128;0
3129;0
3130;1
3131;0
3132;3
3133;0
3134;4
3135;1
3136;4
3137;6
3138;0
3139;0
3140;0
3901;0
3902;0
3903;0
3904;0
4001;6
4002;4
4003;0
4004;0
4005;2
4006;0
4007;4
4008;3
4009;1
4010;0
4011;0
4012;6
4013;0
4014;0
4015;0
4016;0
4017;0
4018;6
4019;6
4020;6
4021;5
4022;0
4023;1
4024;0
4026;1
4027;3
4028;2
4029;5
4030;2
4031;0
4032;0
4033;3
4034;1
4035;0
4036;4
4037;6
4038;0
4041;0
4043;0
4044;0
4045;4
4046;0
4047;0
4048;0
4049;0
4050;0
4051;4
4052;0
4053;0
4054;1
4055;2
4056;0
4057;2
4058;6
4059;6
4060;4
4061;6
4062;5
4063;4
4064;0
4065;4
4066;0
4067;3
4068;1
4069;0
4070;0
4071;6
4072;0
4073;6
4074;0
4075;0
4076;0
4077;4
4078;0
4079;0
4080;3
4081;2
4082;2
4083;4
4084;4
4085;4
4086;4
4087;3
4088;0
4089;0
4090;6
4091;6
4092;5
4093;0
4094;4
4095;4
4096;0
4097;1
4098;6
4099;0
4100;0
4101;0
4102;0
4103;0
4901;3
4902;0
4903;0
4904;0
5001;1
5002;0
5005;1
5007;1
5008;1
5010;1
5012;4
5013;4
5014;5
5015;3
5016;0
5017;1
5018;1
5019;0
5021;4
5022;4
5023;1
5024;1
5025;1
5026;3
5027;4
5029;1
5030;0
5033;1
5034;1
5035;2
5036;1
5037;1
5038;1
5039;1
5040;1
5041;4
5042;2
5043;1
5044;1
5045;3
5046;3
5047;5
5048;1
5049;4
5051;3
5052;3
5053;1
5054;4
5055;6
5056;1
5057;4
5058;1
5059;3
5060;1
5061;0
5062;6
5063;1
5064;1
5065;2
5066;2
5067;3
5069;1
5070;1
5072;0
5073;2
5074;2
5075;0
5076;0
5077;1
5078;1
5079;1
5080;1
5081;1
5082;4
5083;1
5084;1
5085;1
5086;3
5087;6
5088;2
5089;2
5090;1
5092;4
5093;3
5094;1
5095;6
5096;1
5097;1
5099;2
5100;2
5101;1
5102;4
5103;1
5104;1
5105;6
5106;1
5107;1
5108;1
5109;4
5110;4
5112;6
5113;1
5114;2
5115;6
5116;1
5117;2
5118;1
5119;1
5120;1
5121;0
5122;1
5123;0
5124;1
5125;4
5126;1
5127;4
5128;4
5129;1
5130;2
5131;1
5132;3
5133;1
5134;1
5135;3
5136;3
5138;3
5139;1
5140;3
5141;3
5142;1
5143;1
5144;1
5145;1
5147;1
5148;1
5149;1
5151;1
5152;4
5153;1
5154;1
5155;1
5156;0
5157;4
5158;1
5159;1
5160;2
5161;6
5162;1
5163;0
5164;1
5165;3
5166;6
5167;1
5168;0
5169;1
5170;1
5171;1
5172;0
5173;0
5174;6
5175;1
5176;0
5177;1
5178;4
5179;2
5180;3
5181;3
5182;2
5183;1
5184;6
5185;4
5186;4
5187;4
5188;1
5189;3
5190;6
5191;1
5192;2
5193;1
5194;6
5195;1
5196;1
5197;6
5198;1
5199;1
5200;1
5201;2
5204;4
5205;1
5206;1
5207;5
5208;1
5209;1
5210;1
5211;1
5212;1
5213;1
5214;3
5215;1
5216;1
5217;1
5218;3
5219;1
5220;4
5221;1
5222;1
5224;1
5225;6
5226;1
5227;0
5228;1
5229;1
5230;6
5231;2
5232;2
5233;1
5234;1
5235;1
5236;1
5237;1
5238;4
5239;1
5240;0
5241;0
5242;0
5243;1
5244;1
5245;0
5246;1
5247;1
5249;1
5251;1
5252;3
5253;1
5254;4
5256;2
5257;1
5258;2
5259;3
5260;1
5261;1
5262;3
5263;3
5264;1
5265;2
5266;1
5267;1
5901;2
5902;2
5903;1
5904;1
5905;1
6001;4
6002;0
6003;2
6004;5
6005;0
6006;5
6007;5
6008;0
6009;4
6010;5
6011;0
6012;0
6013;4
6014;5
6015;0
6016;5
6017;4
6018;5
6019;5
6020;5
6021;4
6022;4
6023;4
6024;5
6025;0
6026;4
6027;4
6028;5
6029;2
6030;1
6031;2
6032;0
6033;4
6034;1
6035;1
6036;5
6037;4
6038;5
6039;5
6040;4
6041;5
6042;5
6043;0
6044;0
6045;4
6046;5
6047;5
6048;4
6049;4
6050;5
6051;5
6052;5
6053;4
6054;5
6055;5
6056;5
6057;2
6058;5
6059;2
6060;5
6061;5
6062;5
6063;5
6064;4
6065;1
6066;5
6067;5
6068;4
6069;5
6070;5
6071;5
6072;0
6073;5
6074;0
6075;2
6076;5
6077;2
6078;2
6079;5
6080;5
6081;5
6082;0
6083;0
6084;5
6085;5
6086;4
6087;4
6088;0
6089;5
6090;2
6091;5
6092;4
6093;5
6094;4
6095;0
6096;3
6097;4
6098;5
6099;5
6100;3
6101;4
6102;4
6103;0
6104;4
6105;2
6106;5
6107;5
6108;5
6109;5
6110;3
6111;4
6112;4
6113;5
6114;2
6115;5
6116;4
6117;5
6118;1
6119;0
6120;5
6121;0
6122;0
6123;5
6124;5
6125;2
6126;5
6127;5
6128;4
6129;4
6130;4
6131;5
6132;4
6133;0
6134;5
6135;0
6136;5
6137;4
6138;5
6139;1
6140;5
6141;5
6142;1
6143;0
6144;2
6145;4
6146;4
6147;2
6148;5
6149;0
6150;5
6151;4
6152;5
6153;0
6154;5
6155;2
6156;4
6157;3
6158;0
6159;5
6160;4
6161;2
6162;5
6901;0
6902;0
6903;0
7001;0
7002;0
7003;0
7004;0
7005;0
7006;0
7007;0
7008;0
7009;0
7010;0
7011;0
7012;0
7013;0
7014;0
7015;0
7016;0
7017;0
7018;6
7019;2
7020;0
7021;6
7022;0
7023;0
7024;0
7025;0
7026;0
7027;0
7028;0
7029;0
7030;0
7031;0
7032;0
7033;0
7034;0
7035;0
7036;0
7037;0
7038;0
7039;0
7040;0
7041;0
7042;0
7043;0
7044;0
7045;0
7046;0
7047;0
7048;0
7049;0
7050;0
7051;0
7052;0
7053;0
7054;0
7055;0
7056;0
7057;0
7058;0
7059;0
7060;0
7061;0
7062;0
7063;0
7064;0
7065;0
7901;0
7902;0
8001;0
8002;0
8003;0
8004;4
8005;0
8006;0
8007;0
8008;0
8009;0
8010;0
8011;0
8012;0
8013;0
8014;0
8015;0
8016;0
8017;0
8018;5
8019;0
8020;0
8021;3
8022;0
8023;0
8024;6
8025;0
8026;0
8027;0
8028;0
8029;0
8030;0
8031;0
8032;0
8033;0
8034;0
8035;0
8036;4
8037;0
8038;0
8039;0
8040;0
8041;0
8042;0
8043;0
8044;0
8045;0
8046;0
8047;4
8048;0
8049;2
8050;0
8051;0
8052;1
8053;0
8054;0
8055;0
8056;0
8057;0
8058;0
8059;0
8060;2
8061;0
8062;0
8063;0
8064;0
8065;0
8066;0
8067;0
8068;0
8069;0
8070;0
8071;0
8072;0
8073;0
8074;0
8075;0
8076;0
8077;0
8078;4
8079;0
8080;6
8081;0
8082;0
8083;0
8084;0
8085;0
8086;0
8087;0
8088;0
8089;0
8090;0
8091;0
8092;0
8093;0
8094;0
8095;0
8096;0
8097;0
8098;0
8099;4
8100;0
8101;0
8102;0
8103;0
8104;0
8105;0
8106;0
8107;0
8108;0
8109;4
8110;0
8111;0
8112;0
8113;0
8114;0
8115;5
8116;0
8117;0
8118;0
8119;0
8120;0
8121;0
8122;0
8123;0
8124;0
8125;0
8126;0
8127;0
8128;0
8129;0
8130;0
8131;0
8132;2
8133;6
8134;0
8135;0
8136;0
8137;0
8138;0
8139;0
8140;0
8141;0
8142;0
8143;0
8144;5
8145;0
8146;0
8147;0
8148;0
8149;0
8150;0
8151;5
8152;0
8153;0
8154;0
8155;0
8156;0
8157;0
8158;0
8159;0
8160;0
8161;0
8162;0
8163;0
8164;0
8165;0
8166;2
8167;0
8168;0
8169;0
8170;0
8171;5
8172;0
8174;0
8175;5
8176;0
8177;1
8178;0
8179;0
8180;0
8181;0
8182;0
8183;0
8184;0
8185;0
8187;0
8188;2
8189;4
8190;6
8191;5
8192;0
8193;0
8194;0
8195;1
8196;0
8197;0
8198;0
8199;1
8200;0
8201;0
8202;0
8203;0
8204;0
8205;0
8206;0
8207;0
8208;0
8209;0
8210;0
8211;0
8212;4
8213;0
8214;0
8215;0
8216;0
8217;0
8218;0
8219;0
8220;0
8221;0
8222;0
8223;0
8224;0
8225;2
8226;0
8227;0
8228;0
8229;0
8230;0
8231;0
8232;0
8233;0
8234;0
8235;0
8236;0
8237;0
8238;0
8239;0
8240;0
8241;0
8242;0
8243;2
8244;0
8245;0
8246;0
8247;0
8248;0
8249;0
8250;0
8251;0
8252;0
8253;2
8254;0
8255;0
8256;0
8257;0
8258;0
8259;0
8260;0
8261;0
8262;0
8263;0
8264;0
8265;0
8266;0
8267;0
8268;4
8269;0
8270;0
8271;6
8272;0
8273;0
8274;5
8275;0
8276;0
8277;0
8278;0
8279;0
8280;1
8281;0
8282;0
8283;0
8284;0
8285;0
8286;0
8287;0
8288;0
8289;0
8290;0
8291;0
8292;0
8293;5
8294;0
8295;0
8296;0
8297;0
8298;0
8299;6
8300;0
8301;0
8302;0
8303;5
8304;0
8305;0
8306;0
8307;0
8308;4
8901;4
8902;0
8903;0
8904;5
8905;0
9001;1
9003;2
9006;1
9007;1
9009;0
9010;1
9011;1
9012;1
9013;2
9014;2
9016;0
9017;0
9018;0
9019;2
9020;4
9021;6
9022;6
9023;0
9024;1
9025;1
9026;0
9027;6
9029;4
9030;4
9032;2
9033;2
9034;5
9035;2
9036;1
9037;2
9038;6
9039;3
9041;2
9043;3
9044;2
9045;2
9046;1
9047;3
9048;4
9050;2
9051;1
9052;1
9054;3
9055;1
9056;0
9057;0
9058;0
9059;0
9060;3
9061;2
9062;1
9063;6
9064;0
9065;6
9066;1
9067;2
9068;1
9070;1
9071;1
9072;0
9073;0
9074;0
9075;0
9076;1
9077;1
9078;0
9079;2
9082;1
9083;1
9084;2
9085;0
9086;0
9088;1
9090;3
9091;2
9093;0
9094;1
9095;0
9098;2
9100;1
9101;1
9102;1
9103;2
9104;1
9105;1
9108;0
9109;0
9110;4
9112;1
9113;4
9114;0
9115;4
9117;0
9119;1
9120;1
9122;2
9123;1
9124;6
9125;4
9127;1
9128;6
9129;1
9130;1
9131;0
9132;1
9133;1
9134;2
9135;1
9136;3
9137;0
9138;6
9139;1
9140;1
9141;0
9143;2
9144;3
9148;2
9149;0
9151;4
9152;6
9154;3
9155;2
9159;0
9160;3
9162;0
9163;1
9164;6
9166;2
9167;2
9168;2
9169;1
9170;1
9172;0
9173;1
9174;2
9175;1
9176;0
9177;0
9178;1
9179;3
9180;1
9181;3
9182;1
9183;0
9184;1
9189;4
9190;1
9191;1
9192;1
9194;0
9195;0
9196;1
9197;0
9198;1
9199;1
9200;1
9201;1
9202;1
9206;3
9208;3
9209;0
9211;4
9213;1
9214;4
9215;1
9216;4
9217;2
9218;6
9219;0
9220;3
9221;0
9223;0
9224;6
9225;6
9226;1
9227;6
9228;3
9229;4
9230;2
9231;3
9232;2
9235;4
9236;1
9238;2
9239;2
9241;0
9242;3
9243;1
9244;1
9246;4
9247;1
9248;0
9249;6
9250;3
9251;4
9253;4
9255;0
9256;2
9257;1
9258;1
9259;3
9261;4
9262;1
9265;0
9266;2
9267;1
9268;1
9269;1
9270;4
9272;3
9273;1
9274;3
9275;1
9276;0
9277;3
9279;0
9280;3
9281;4
9283;1
9287;0
9288;2
9289;6
9292;3
9294;3
9295;1
9297;0
9298;6
9301;0
9302;2
9303;1
9304;0
9306;1
9307;2
9308;1
9309;4
9310;1
9311;6
9312;6
9314;1
9315;0
9316;1
9317;1
9318;2
9321;4
9323;3
9325;1
9326;0
9327;3
9328;1
9329;2
9330;4
9332;0
9334;1
9335;0
9337;6
9338;0
9339;1
9340;3
9343;1
9345;6
9346;2
9347;1
9348;1
9350;3
9351;0
9352;1
9353;1
9354;0
9355;1
9356;6
9358;4
9360;1
9361;1
9362;0
9363;2
9365;1
9366;1
9368;2
9369;4
9372;0
9373;1
9374;0
9375;1
9377;0
9378;1
9380;6
9381;1
9382;1
9384;1
9386;1
9387;1
9388;0
9389;1
9390;2
9391;5
9392;2
9394;6
9395;1
9396;1
9398;6
9400;4
9403;1
9405;4
9406;0
9407;2
9408;1
9409;4
9410;0
9411;6
9412;4
9413;1
9414;2
9415;6
9416;1
9417;1
9418;2
9419;1
9421;1
9422;1
9423;1
9424;1
9425;3
9427;4
9428;2
9429;0
9430;1
9431;1
9432;1
9433;1
9434;0
9437;2
9438;0
9439;0
9440;3
9441;0
9442;5
9443;3
9444;1
9445;1
9446;1
9447;0
9448;2
9449;2
9450;0
9451;5
9454;1
9455;1
9456;2
9458;0
9460;2
9463;2
9464;1
9466;3
9467;2
9471;0
9472;1
9473;1
9476;0
9478;1
9480;2
9482;1
9483;3
9485;1
9901;3
9902;4
9903;0
9904;4
9905;2
9906;0
9907;0
9908;4
10001;0
10002;5
10003;2
10004;4
10005;4
10006;4
10007;4
10008;5
10009;1
10010;4
10011;2
10012;4
10013;4
10014;5
10015;2
10016;4
10017;1
10018;4
10019;0
10020;2
10021;5
10022;2
10023;1
10024;0
10025;2
10026;0
10027;1
10028;1
10029;1
10030;6
10031;1
10032;4
10033;1
10034;2
10035;4
10036;1
10037;0
10038;1
10039;2
10040;1
10041;5
10042;1
10043;2
10044;1
10045;2
10046;1
10047;5
10048;1
10049;5
10050;6
10051;1
10052;3
10053;4
10054;2
10055;2
10056;3
10057;1
10058;0
10059;3
10060;4
10061;4
10062;2
10063;4
10064;4
10065;2
10066;4
10067;5
10068;5
10069;2
10070;2
10071;1
10072;4
10073;5
10075;4
10076;4
10077;2
10078;3
10079;2
10080;4
10081;1
10082;4
10083;6
10084;2
10085;0
10086;1
10087;2
10088;1
10089;4
10090;2
10091;1
10092;1
10093;3
10094;3
10095;3
10096;0
10097;1
10098;4
10099;4
10100;4
10101;0
10102;1
10103;1
10104;0
10105;5
10106;4
10107;5
10108;1
10109;4
10110;2
10111;4
10112;2
10113;4
10114;0
10115;5
10116;0
10117;1
10118;4
10119;2
10120;2
10121;0
10122;0
10123;4
10124;2
10125;4
10126;4
10127;0
10128;5
10129;2
10130;5
10131;0
10132;1
10133;5
10134;5
10135;2
10136;4
10137;2
10138;4
10139;1
10140;0
10141;1
10142;5
10143;1
10144;4
10145;1
10146;4
10147;5
10148;0
10149;2
10150;3
10151;2
10152;2
10153;4
10154;4
10155;1
10156;1
10157;4
10158;2
10159;3
10160;0
10161;1
10162;3
10163;1
10164;4
10165;2
10166;1
10167;1
10168;1
10169;2
10170;3
10171;1
10172;1
10173;0
10174;2
10175;2
10176;4
10177;0
10178;4
10179;3
10180;5
10181;2
10182;1
10183;4
10184;4
10185;5
10186;4
10187;2
10188;2
10189;4
10190;3
10191;0
10192;3
10193;5
10194;4
10195;0
10196;4
10197;1
10198;3
10199;1
10200;3
10201;4
10202;4
10203;4
10204;6
10205;5
10206;2
10207;2
10208;1
10209;1
10210;3
10211;2
10212;0
10213;2
10214;2
10215;2
10216;0
10217;4
10218;2
10219;2
10901;1
10902;0
10903;0
10904;0
10905;0
11001;5
11002;5
11003;5
11004;0
11005;5
11006;0
11007;0
11008;0
11009;0
11010;5
11011;0
11012;5
11013;0
11014;0
11015;0
11016;0
11017;5
11018;5
11019;4
11020;0
11021;6
11022;0
11023;0
11024;5
11025;0
11026;5
11027;0
11028;0
11029;0
11030;0
11031;0
11032;0
11033;0
11034;5
11035;0
11036;4
11037;0
11038;5
11039;5
11040;0
11041;0
11042;5
11901;0
11902;0
11903;0
12001;5
12002;2
12003;4
12004;0
12005;0
12006;4
12007;5
12008;6
12009;0
12010;3
12011;0
12012;0
12013;6
12014;4
12015;2
12016;0
12017;1
12018;4
12020;0
12021;0
12022;2
12024;0
12025;1
12026;4
12027;0
12028;0
12029;0
12031;0
12032;0
12033;0
12034;0
12036;4
12037;0
12038;3
12039;4
12040;0
12041;3
12042;4
12043;4
12044;3
12045;6
12046;6
12048;1
12049;0
12050;4
12051;2
12052;6
12053;0
12055;1
12056;6
12057;6
12058;6
12059;0
12060;5
12061;4
12063;0
12064;6
12065;2
12067;5
12068;1
12069;0
12070;4
12071;0
12072;4
12073;1
12074;0
12075;6
12076;1
12077;0
12078;0
12079;0
12080;4
12081;0
12082;0
12083;4
12084;0
12085;0
12087;0
12088;0
12089;0
12090;3
12091;2
12092;1
12093;6
12094;0
12095;4
12096;4
12097;1
12098;6
12099;0
12100;0
12101;0
12102;0
12103;0
12104;0
12105;5
12106;0
12107;2
12108;6
12109;0
12110;1
12111;6
12112;4
12113;6
12114;6
12115;6
12116;1
12117;0
12118;0
12119;2
12120;3
12121;4
12122;5
12123;6
12124;0
12125;4
12126;0
12127;6
12128;0
12129;4
12130;0
12131;1
12132;6
12133;6
12134;4
12135;0
12136;5
12137;2
12138;0
12139;3
12140;0
12141;6
12142;3
12901;0
12902;0
13001;4
13002;4
13003;1
13004;6
13005;0
13006;3
13007;4
13008;4
13009;4
13010;4
13011;2
13012;4
13013;0
13014;3
13015;4
13016;4
13017;2
13018;5
13019;0
13020;0
13021;2
13022;1
13023;0
13024;4
13025;4
13026;2
13027;4
13028;0
13029;0
13030;3
13031;0
13032;4
13033;4
13034;0
13035;5
13036;5
13037;6
13038;4
13039;0
13040;4
13041;1
13042;2
13043;1
13044;5
13045;2
13046;3
13047;0
13048;1
13049;4
13050;4
13051;5
13052;5
13053;0
13054;5
13055;4
13056;0
13057;4
13058;5
13059;6
13060;1
13061;0
13062;0
13063;5
13064;0
13065;5
13066;0
13067;1
13068;5
13069;2
13070;4
13071;5
13072;6
13073;2
13074;5
13075;1
13076;4
13077;4
13078;0
13079;0
13080;1
13081;3
13082;0
13083;0
13084;4
13085;2
13086;1
13087;0
13088;5
13089;2
13090;2
13091;4
13092;4
13093;4
13094;2
13095;3
13096;0
13097;5
13098;4
13901;6
13902;4
13903;3
13904;1
14001;5
14002;5
14003;0
14004;5
14005;0
14006;5
14007;5
14008;5
14009;4
14010;0
14011;4
14012;5
14013;5
14014;5
14015;4
14016;4
14017;0
14018;5
14019;5
14020;3
14021;0
14022;5
14023;5
14024;5
14025;5
14026;5
14027;0
14028;2
14029;2
14030;5
14031;4
14032;4
14033;0
14034;4
14035;5
14036;5
14037;4
14038;0
14039;4
14040;5
14041;0
14042;5
14043;5
14044;5
14045;5
14046;5
14047;0
14048;5
14049;0
14050;5
14051;4
14052;5
14053;0
14054;0
14055;0
14056;0
14057;0
14058;5
14059;5
14060;5
14061;2
14062;4
14063;4
14064;4
14065;0
14066;5
14067;0
14068;6
14069;5
14070;4
14071;4
14072;2
14073;5
14074;5
14075;2
14901;0
14902;0
15001;5
15002;0
15003;2
15004;0
15005;0
15006;5
15007;2
15008;0
15009;0
15010;2
15011;0
15012;5
15013;0
15014;2
15015;0
15016;4
15017;0
15018;2
15019;0
15020;2
15021;0
15022;5
15023;0
15024;5
15025;2
15027;0
15028;5
15029;4
15030;0
15031;0
15032;5
15033;5
15034;2
15035;5
15036;5
15037;5
15038;2
15039;4
15040;5
15041;0
15042;4
15043;4
15044;2
15045;2
15046;4
15047;4
15048;0
15049;4
15050;2
15051;5
15052;2
15053;4
15054;0
15055;4
15056;0
15057;5
15058;0
15059;0
15060;0
15061;2
15062;2
15064;4
15065;5
15066;5
15067;5
15068;2
15069;5
15070;4
15071;5
15072;4
15073;0
15074;5
15075;0
15076;4
15077;5
15078;0
15079;2
15080;2
15081;4
15082;0
15083;2
15084;2
15085;2
15086;4
15087;5
15088;4
15089;5
15090;2
15091;5
15092;4
15093;2
15901;4
15902;0
16001;3
16002;4
16003;1
16004;1
16005;2
16006;6
16007;4
16008;1
16009;1
16010;2
16011;1
16012;1
16013;1
16014;4
16015;1
16016;2
16017;3
16018;2
16019;1
16020;1
16022;3
16023;0
16024;1
16025;6
16026;3
16027;0
16029;1
16030;1
16031;1
16032;6
16033;4
16034;1
16035;1
16036;1
16038;1
16039;6
16040;6
16041;6
16042;6
16043;2
16044;1
16045;3
16046;3
16047;3
16048;4
16049;1
16050;1
16051;1
16052;4
16053;3
16055;2
16056;2
16057;6
16058;3
16060;2
16061;6
16062;4
16063;6
16064;5
16065;4
16066;0
16067;6
16068;1
16070;1
16071;1
16072;3
16073;6
16074;6
16078;0
16079;1
16081;0
16082;2
16083;1
16084;2
16085;1
16086;5
16087;2
16088;1
16089;5
16091;1
16092;4
16093;1
16094;1
16095;2
16096;0
16097;1
16098;4
16099;3
16100;3
16101;3
16102;4
16103;3
16104;1
16106;6
16107;3
16108;0
16109;1
16110;1
16111;2
16112;4
16113;0
16115;1
16116;1
16117;4
16118;6
16119;2
16121;3
16122;2
16123;1
16124;5
16125;6
16126;1
16128;3
16129;1
16130;6
16131;6
16132;1
16133;0
16134;0
16135;1
16137;1
16139;1
16140;3
16141;1
16142;1
16143;1
16145;6
16146;1
16147;3
16148;1
16149;3
16150;1
16151;1
16152;1
16153;4
16154;0
16155;6
16156;1
16157;3
16158;4
16159;3
16160;1
16161;3
16162;1
16163;1
16165;1
16166;6
16167;1
16169;1
16170;6
16171;4
16172;6
16173;3
16174;1
16175;0
16176;6
16177;6
16181;1
16185;1
16186;3
16187;2
16188;1
16189;1
16190;0
16191;4
16192;1
16193;1
16194;1
16195;4
16196;4
16197;1
16198;4
16199;1
16202;4
16203;0
16204;6
16205;1
16206;1
16209;3
16211;1
16212;1
16213;4
16215;1
16216;3
16217;2
16218;1
16219;3
16224;1
16225;3
16227;1
16228;6
16231;1
16234;1
16236;1
16237;1
16238;3
16239;3
16240;1
16242;3
16243;1
16244;2
16245;3
16246;2
16247;1
16248;6
16249;6
16250;1
16251;2
16253;6
16254;1
16255;1
16258;3
16259;0
16263;0
16264;3
16265;6
16266;2
16269;3
16270;1
16271;0
16272;1
16273;2
16274;1
16275;1
16276;6
16277;1
16278;1
16279;6
16280;3
16901;3
16902;3
16903;0
16904;0
16905;0
16906;3
16908;1
16909;2
16910;3
17001;0
17002;0
17003;0
17004;0
17005;0
17006;0
17007;0
17008;0
17009;0
17010;0
17011;0
17012;0
17013;0
17014;1
17015;0
17016;0
17018;0
17019;0
17020;0
17021;0
17022;0
17023;0
17024;0
17025;0
17026;0
17027;0
17028;0
17029;0
17030;0
17031;0
17032;0
17033;0
17034;0
17035;0
17036;5
17037;0
17038;0
17039;4
17040;0
17041;0
17042;0
17043;5
17044;0
17046;4
17047;0
17048;0
17049;0
17050;0
17051;0
17052;0
17054;3
17055;4
17056;0
17057;0
17058;0
17060;0
17061;0
17062;0
17063;0
17064;0
17065;0
17066;0
17067;0
17068;5
17069;0
17070;2
17071;0
17073;0
17074;0
17075;0
17076;0
17077;0
17078;0
17079;0
17080;4
17081;0
17082;0
17083;0
17084;0
17085;0
17086;0
17087;0
17088;0
17089;0
17090;0
17091;0
17092;0
17093;0
17094;0
17095;0
17096;2
17097;0
17098;0
17099;0
17100;0
17101;0
17102;0
17103;0
17105;0
17106;0
17107;4
17109;0
17110;0
17111;0
17112;4
17114;0
17115;0
17116;1
17117;0
17118;0
17119;0
17120;0
17121;0
17123;0
17124;0
17125;0
17126;0
17128;0
17129;0
17130;0
17132;0
17133;2
17134;0
17135;0
17136;0
17137;0
17138;2
17139;0
17140;0
17141;0
17142;0
17143;0
17144;5
17145;4
17146;0
17147;0
17148;0
17149;0
17150;0
17151;0
17152;0
17153;0
17154;0
17155;0
17157;0
17158;0
17159;0
17160;0
17161;0
17162;0
17163;0
17164;0
17165;0
17166;0
17167;5
17168;0
17169;0
17170;4
17171;0
17172;0
17173;0
17174;0
17175;0
17176;0
17177;0
17178;0
17180;0
17181;0
17182;0
17183;0
17184;0
17185;0
17186;0
17187;0
17188;0
17189;4
17190;0
17191;0
17192;0
17193;0
17194;0
17195;0
17196;0
17197;6
17198;0
17199;0
17200;0
17201;0
17202;0
17203;0
17204;0
17205;0
17206;0
17207;0
17208;0
17209;0
17210;0
17211;0
17212;0
17213;0
17214;0
17215;0
17216;0
17217;0
17218;0
17220;0
17221;0
17222;0
17223;0
17224;6
17225;0
17226;0
17227;0
17228;0
17230;0
17232;0
17233;0
17234;0
17901;0
17902;0
17903;0
18001;1
18002;2
18003;0
18004;2
18005;4
18006;0
18007;2
18010;5
18011;0
18012;1
18013;5
18014;0
18015;1
18016;2
18017;0
18018;3
18020;2
18021;0
18022;0
18023;4
18024;0
18025;4
18027;0
18028;4
18029;5
18030;4
18032;2
18033;4
18034;1
18035;4
18036;0
18037;0
18038;4
18039;4
18040;0
18042;0
18043;0
18044;6
18045;6
18046;2
18047;0
18048;0
18049;4
18050;0
18051;2
18053;4
18054;5
18056;4
18057;0
18059;0
18061;4
18062;0
18063;0
18064;2
18065;0
18066;0
18067;5
18068;0
18069;0
18070;0
18071;0
18072;2
18074;6
18076;5
18077;0
18078;6
18079;0
18082;1
18083;3
18084;0
18085;1
18086;2
18087;5
18088;2
18089;5
18093;0
18094;0
18095;0
18096;1
18097;4
18098;5
18099;0
18100;0
18101;0
18102;5
18103;6
18105;5
18106;0
18107;2
18108;4
18109;0
18111;0
18112;3
18114;2
18115;0
18116;4
18117;1
18119;5
18120;4
18121;1
18122;0
18123;2
18124;2
18126;0
18127;0
18128;0
18132;4
18133;0
18134;0
18135;4
18136;4
18137;6
18138;0
18140;0
18141;6
18143;0
18144;0
18145;0
18146;4
18147;0
18148;6
18149;0
18150;0
18151;1
18152;1
18153;0
18154;2
18157;0
18158;5
18159;6
18161;2
18162;0
18163;2
18164;5
18165;0
18167;5
18168;4
18170;1
18171;5
18173;0
18174;4
18175;0
18176;1
18177;2
18178;2
18179;1
18180;4
18181;2
18182;0
18183;1
18184;0
18185;0
18187;3
18188;0
18189;0
18192;5
18193;0
18194;4
18901;1
18902;4
18903;4
18904;4
18905;0
18906;6
18907;5
18908;5
18909;3
18910;2
18911;0
18912;4
18913;2
18914;0
18915;0
18916;0
19001;1
19002;1
19003;1
19004;1
19005;0
19006;0
19007;0
19008;0
19009;0
19010;1
19011;4
19013;3
19015;1
19016;1
19017;3
19018;1
19019;1
19020;1
19021;0
19022;4
19023;0
19024;0
19027;1
19031;1
19032;3
19033;1
19034;0
19036;3
19037;6
19038;1
19039;1
19040;1
19041;0
19042;1
19043;1
19044;4
19045;1
19046;0
19047;1
19048;2
19049;1
19050;1
19051;1
19052;1
19053;4
19054;3
19055;3
19057;2
19058;0
19059;6
19060;0
19061;1
19064;1
19065;4
19066;1
19067;1
19070;1
19071;0
19073;2
19074;0
19075;6
19076;1
19078;0
19079;1
19080;2
19081;1
19082;0
19086;6
19087;1
19088;1
19089;1
19090;4
19091;1
19092;3
19095;3
19096;1
19097;1
19098;0
19099;2
19102;1
19103;1
19104;1
19105;0
19106;6
19107;6
19108;1
19109;3
19110;1
19111;4
19112;6
19113;0
19114;1
19115;1
19116;3
19117;0
19118;1
19119;1
19120;4
19121;0
19122;4
19123;1
19124;0
19125;1
19126;0
19127;1
19129;1
19130;0
19132;0
19133;0
19134;1
19135;6
19136;3
19138;0
19139;1
19142;0
19143;0
19145;3
19146;0
19147;1
19148;1
19150;3
19151;0
19152;6
19153;0
19154;1
19155;0
19156;0
19157;4
19159;1
19160;0
19161;1
19162;1
19163;1
19165;1
19166;6
19167;0
19168;3
19169;1
19170;3
19171;0
19172;3
19173;0
19174;1
19175;1
19176;6
19177;1
19178;1
19179;1
19181;1
19182;0
19183;1
19184;1
19185;1
19186;3
19187;1
19188;1
19189;0
19190;4
19191;1
19192;0
19193;1
19194;0
19195;3
19196;3
19197;0
19198;6
19199;1
19200;1
19201;1
19202;1
19203;1
19204;6
19208;6
19209;6
19210;1
19211;6
19212;6
19213;1
19214;2
19215;3
19216;4
19217;1
19218;1
19219;1
19220;0
19221;3
19222;1
19223;2
19224;1
19225;0
19226;0
19227;1
19228;6
19229;1
19230;0
19231;1
19232;1
19233;0
19234;1
19235;1
19237;3
19238;2
19239;1
19240;1
19241;1
19242;3
19243;1
19244;1
19245;6
19246;1
19247;1
19248;6
19249;2
19250;1
19251;1
19252;1
19254;1
19255;1
19256;1
19257;4
19258;6
19259;1
19260;3
19261;1
19262;1
19263;0
19264;1
19265;1
19266;6
19267;1
19268;0
19269;3
19270;1
19271;3
19272;1
19274;0
19277;1
19278;3
19279;0
19280;0
19281;0
19282;1
19283;1
19284;1
19285;1
19286;0
19287;3
19288;1
19289;1
19290;0
19291;4
19293;0
19294;3
19296;1
19297;0
19298;1
19299;0
19300;0
19301;1
19302;3
19303;6
19304;0
19305;3
19306;1
19307;1
19308;1
19309;3
19310;1
19311;2
19314;1
19317;1
19318;6
19319;0
19321;1
19322;1
19323;1
19324;1
19325;0
19326;0
19327;6
19329;1
19330;3
19331;0
19332;1
19333;1
19334;6
19335;1
19901;1
20001;0
20002;0
20003;0
20004;0
20005;0
20006;0
20007;0
20008;5
20009;0
20010;0
20011;0
20012;0
20013;0
20014;0
20015;0
20016;0
20017;0
20018;0
20019;0
20020;4
20021;6
20022;0
20023;0
20024;0
20025;0
20026;0
20027;0
20028;0
20029;0
20030;5
20031;0
20032;0
20033;0
20034;0
20035;0
20036;0
20037;2
20038;0
20039;0
20040;0
20041;0
20042;5
20043;0
20044;0
20045;0
20046;0
20047;0
20048;0
20049;0
20050;0
20051;5
20052;0
20053;0
20054;0
20055;5
20056;0
20057;0
20058;0
20059;0
20060;0
20061;0
20062;0
20063;0
20064;5
20065;5
20066;5
20067;0
20068;4
20069;0
20070;0
20071;0
20072;0
20073;0
20074;5
20075;0
20076;0
20077;0
20078;0
20079;0
20080;5
20081;0
20901;0
20902;0
20903;0
20904;0
20905;0
20906;0
20907;4
21001;5
21002;0
21003;5
21004;5
21005;0
21006;4
21007;0
21008;5
21009;2
21010;0
21011;0
21012;2
21013;0
21014;0
21015;2
21016;4
21017;5
21018;4
21019;5
21020;2
21021;0
21022;0
21023;5
21024;4
21025;5
21026;4
21027;1
21028;2
21029;5
21030;0
21031;5
21032;0
21033;0
21034;4
21035;0
21036;0
21037;2
21038;0
21039;1
21040;0
21041;0
21042;0
21043;5
21044;0
21045;2
21046;0
21047;5
21048;0
21049;4
21050;0
21051;6
21052;4
21053;0
21054;0
21055;0
21056;5
21057;5
21058;5
21059;0
21060;0
21061;0
21062;4
21063;0
21064;0
21065;0
21066;6
21067;4
21068;4
21069;5
21070;0
21071;2
21072;0
21073;0
21074;5
21075;4
21076;0
21077;0
21078;4
21079;1
21902;0
22001;6
22002;0
22003;0
22004;4
22006;2
22007;4
22008;3
22009;4
22011;0
22012;0
22013;2
22014;3
22015;1
22016;2
22017;5
22018;4
22019;0
22020;0
22021;0
22022;5
22023;4
22024;0
22025;5
22027;4
22028;2
22029;1
22032;4
22035;1
22036;4
22037;0
22039;4
22040;4
22041;4
22042;2
22043;1
22044;1
22045;1
22046;2
22047;0
22048;0
22049;1
22050;2
22051;3
22052;5
22053;0
22054;0
22055;2
22057;6
22058;0
22059;0
22060;0
22061;0
22062;2
22063;3
22064;4
22066;0
22067;0
22068;3
22069;0
22072;2
22074;0
22075;1
22076;1
22077;1
22078;0
22079;0
22080;5
22081;4
22082;2
22083;3
22084;0
22085;3
22086;0
22087;1
22088;1
22089;6
22090;1
22094;2
22095;3
22096;0
22099;6
22102;4
22103;5
22105;1
22106;1
22107;1
22109;0
22110;2
22111;1
22112;0
22113;5
22114;4
22115;4
22116;4
22117;0
22119;4
22122;4
22124;6
22125;0
22126;6
22127;0
22128;1
22129;1
22130;0
22131;2
22133;2
22135;2
22136;4
22137;4
22139;4
22141;6
22142;6
22143;3
22144;0
22149;4
22150;4
22151;4
22155;6
22156;0
22157;2
22158;0
22160;2
22162;3
22163;0
22164;0
22165;5
22167;6
22168;1
22170;0
22172;4
22173;4
22174;2
22175;2
22176;0
22177;1
22178;1
22181;0
22182;4
22184;3
22186;6
22187;0
22188;1
22189;0
22190;0
22193;6
22195;0
22197;2
22199;0
22200;0
22201;2
22202;0
22203;2
22204;0
22205;2
22206;2
22207;4
22208;0
22209;0
22212;1
22213;0
22214;1
22215;2
22217;4
22218;1
22220;1
22221;0
22222;0
22223;6
22225;5
22226;5
22227;6
22228;0
22229;2
22230;4
22232;2
22233;2
22234;0
22235;3
22236;2
22239;2
22242;1
22243;1
22244;1
22245;2
22246;6
22247;0
22248;2
22249;0
22250;0
22251;2
22252;5
22253;6
22254;0
22901;4
22902;0
22903;5
22904;4
22905;4
22906;5
22907;0
22908;2
22909;6
23001;2
23002;0
23003;5
23004;3
23005;5
23006;5
23007;5
23008;4
23009;0
23010;0
23011;5
23012;4
23014;5
23015;2
23016;6
23017;5
23018;5
23019;4
23020;4
23021;5
23024;0
23025;5
23026;4
23027;4
23028;5
23029;2
23030;4
23031;0
23032;4
23033;5
23034;5
23035;0
23037;1
23038;0
23039;5
23040;5
23041;5
23042;1
23043;4
23044;5
23045;5
23046;5
23047;4
23048;4
23049;4
23050;0
23051;5
23052;5
23053;5
23054;5
23055;5
23056;5
23057;4
23058;0
23059;5
23060;0
23061;0
23062;5
23063;5
23064;5
23065;5
23066;5
23067;5
23069;5
23070;5
23071;0
23072;4
23073;4
23074;5
23075;5
23076;4
23077;2
23079;5
23080;4
23081;1
23082;5
23084;3
23085;4
23086;0
23087;5
23088;4
23090;4
23091;1
23092;0
23093;5
23094;5
23095;5
23096;5
23097;5
23098;4
23099;0
23101;4
23901;2
23902;4
23903;0
23904;2
23905;0
24001;3
24002;2
24003;4
24004;4
24005;1
24006;2
24007;3
24008;5
24009;1
24010;5
24011;1
24012;2
24014;4
24015;4
24016;1
24017;4
24018;2
24019;2
24020;2
24021;2
24022;2
24023;2
24024;2
24025;4
24026;2
24027;0
24028;1
24029;1
24030;0
24031;3
24032;6
24033;1
24034;0
24036;1
24037;6
24038;5
24039;4
24040;3
24041;2
24042;1
24043;1
24044;3
24046;2
24047;2
24049;5
24050;2
24051;1
24052;2
24053;2
24054;2
24055;2
24056;2
24057;4
24058;1
24059;2
24060;1
24061;0
24062;1
24063;1
24064;0
24065;0
24066;1
24067;3
24068;2
24069;1
24070;4
24071;2
24073;3
24074;6
24076;0
24077;2
24078;3
24079;2
24080;4
24081;1
24082;5
24083;1
24084;3
24086;6
24087;2
24088;2
24089;5
24090;2
24091;1
24092;2
24093;2
24094;4
24095;1
24096;1
24097;6
24098;4
24099;1
24100;0
24101;1
24102;2
24103;1
24104;1
24105;0
24106;3
24107;6
24108;2
24109;3
24110;1
24112;3
24113;6
24114;2
24115;0
24116;3
24117;1
24118;1
24119;4
24120;4
24121;4
24122;2
24123;2
24124;3
24125;1
24127;3
24129;1
24130;4
24131;2
24132;1
24133;1
24134;4
24136;2
24137;1
24139;4
24141;1
24142;0
24143;5
24144;3
24145;1
24146;4
24148;4
24149;3
24150;2
24151;3
24152;0
24153;2
24154;4
24155;2
24156;2
24157;5
24158;1
24159;4
24160;4
24161;4
24162;0
24163;0
24164;2
24165;1
24166;4
24167;4
24168;2
24169;4
24170;2
24171;1
24172;1
24173;2
24174;1
24175;0
24176;1
24177;0
24178;1
24179;1
24180;4
24181;4
24182;1
24183;2
24184;3
24185;2
24187;5
24188;0
24189;0
24190;2
24191;1
24193;4
24194;1
24196;2
24197;4
24198;2
24199;4
24201;5
24202;2
24203;1
24205;0
24206;4
24207;2
24209;4
24210;1
24211;1
24212;4
24213;2
24214;2
24215;2
24216;2
24217;2
24218;5
24219;4
24221;4
24222;0
24223;5
24224;1
24225;5
24226;1
24227;0
24228;2
24229;1
24230;1
24901;2
24902;1
25001;2
25002;0
25003;0
25004;0
25005;3
25006;2
25007;0
25008;0
25009;4
25010;2
25011;0
25012;0
25013;2
25014;2
25015;2
25016;0
25017;0
25019;0
25020;2
25021;5
25022;1
25023;0
25024;0
25025;0
25027;0
25029;6
25030;3
25031;6
25032;1
25033;0
25034;0
25035;4
25036;2
25037;4
25038;0
25039;4
25040;0
25041;0
25042;2
25043;0
25044;1
25045;1
25046;4
25047;5
25048;0
25049;2
25050;0
25051;0
25052;0
25053;0
25055;3
25056;2
25057;0
25058;0
25059;0
25060;1
25061;2
25062;2
25063;2
25064;4
25067;4
25068;4
25069;5
25070;5
25071;3
25072;0
25073;2
25074;2
25075;0
25076;3
25077;4
25078;0
25079;6
25081;3
25082;0
25085;2
25086;0
25087;4
25088;0
25089;0
25092;3
25093;0
25094;2
25096;4
25097;6
25098;4
25099;0
25100;4
25101;4
25102;4
25103;1
25104;2
25105;3
25109;1
25110;0
25111;2
25112;5
25113;5
25114;2
25115;5
25118;2
25119;0
25120;0
25121;0
25122;0
25123;0
25124;4
25125;2
25126;0
25127;1
25128;6
25129;4
25130;1
25131;2
25132;0
25133;5
25134;0
25135;0
25136;4
25137;0
25138;4
25139;0
25140;0
25141;5
25142;0
25143;4
25145;3
25146;0
25148;4
25149;5
25150;1
25151;0
25152;4
25153;4
25154;4
25155;4
25156;0
25157;4
25158;0
25161;4
25163;0
25164;4
25165;4
25166;5
25167;5
25168;0
25169;6
25170;4
25171;0
25172;0
25173;0
25174;0
25175;0
25176;4
25177;2
25179;0
25180;0
25181;6
25182;0
25183;0
25185;0
25186;4
25189;0
25190;4
25191;4
25192;4
25193;0
25194;4
25196;0
25197;4
25200;4
25201;2
25202;0
25203;0
25204;0
25205;0
25206;4
25207;0
25208;0
25209;0
25210;0
25211;0
25212;0
25215;0
25216;4
25217;0
25218;4
25219;0
25220;4
25221;0
25222;0
25223;0
25224;2
25225;0
25226;4
25227;0
25228;0
25230;5
25231;0
25232;0
25233;0
25234;0
25238;2
25239;0
25240;0
25242;5
25243;0
25244;0
25245;6
25247;0
25248;0
25249;3
25250;2
25251;0
25252;0
25253;3
25254;0
25255;4
25901;0
25902;5
25903;2
25904;0
25905;2
25906;3
25907;4
25908;4
25909;3
25910;1
25911;3
25912;5
25913;0
26001;6
26002;0
26003;2
26004;0
26005;0
26006;0
26007;4
26008;0
26009;0
26010;1
26011;0
26012;1
26013;0
26014;4
26015;1
26016;1
26017;0
26018;0
26019;0
26020;0
26021;0
26022;1
26023;2
26024;1
26025;1
26026;5
26027;2
26028;0
26029;0
26030;1
26031;1
26032;1
26033;1
26034;2
26035;6
26036;0
26037;1
26038;0
26039;1
26040;1
26041;1
26042;0
26043;1
26044;1
26045;1
26046;0
26047;4
26048;1
26049;0
26050;0
26051;0
26052;2
26053;0
26054;2
26055;1
26056;0
26057;1
26058;0
26059;0
26060;1
26061;0
26062;2
26063;4
26064;0
26065;6
26066;0
26067;4
26068;0
26069;1
26070;1
26071;0
26072;2
26073;1
26074;1
26075;5
26076;3
26077;1
26078;4
26079;4
26080;4
26081;1
26082;1
26083;0
26084;0
26086;6
26087;3
26088;0
26089;0
26091;1
26092;6
26093;0
26094;3
26095;0
26096;0
26098;4
26099;0
26100;3
26101;3
26102;0
26103;0
26104;6
26105;0
26106;0
26107;1
26108;1
26109;1
26110;2
26111;6
26112;4
26113;2
26114;1
26115;1
26117;0
26118;1
26119;6
26120;0
26121;6
26122;0
26123;6
26124;4
26125;0
26126;0
26127;6
26128;1
26129;2
26130;6
26131;1
26132;4
26134;1
26135;2
26136;6
26138;0
26139;1
26140;6
26141;2
26142;5
26143;0
26144;0
26145;0
26146;1
26147;0
26148;3
26149;0
26150;1
26151;6
26152;1
26153;1
26154;1
26155;3
26157;0
26158;2
26160;0
26161;1
26162;2
26163;0
26164;1
26165;0
26166;0
26167;1
26168;0
26169;1
26170;4
26171;1
26172;1
26173;6
26174;1
26175;2
26176;1
26177;4
26178;1
26179;1
26180;0
26181;0
26183;0
27001;2
27002;2
27003;2
27004;2
27005;5
27006;2
27007;4
27008;2
27009;2
27010;5
27011;2
27012;1
27013;5
27014;4
27015;2
27016;5
27017;1
27018;2
27019;0
27020;2
27021;2
27022;5
27023;4
27024;1
27025;5
27026;4
27027;2
27028;0
27029;5
27030;2
27031;5
27032;5
27033;1
27034;1
27035;2
27037;2
27038;1
27039;0
27040;4
27041;2
27042;2
27043;2
27044;2
27045;2
27046;4
27047;2
27048;2
27049;2
27050;2
27051;0
27052;1
27053;1
27054;2
27055;1
27056;4
27057;0
27058;2
27059;2
27060;2
27061;2
27062;2
27063;5
27064;2
27065;5
27066;5
27901;2
27902;0
28001;0
28002;0
28003;0
28004;0
28005;0
28006;0
28007;0
28008;0
28009;0
28010;0
28011;0
28012;0
28013;0
28014;0
28015;0
28016;0
28017;0
28018;0
28019;0
28020;0
28021;0
28022;0
28023;0
28024;0
28025;0
28026;0
28027;0
28028;0
28029;0
28030;0
28031;0
28032;0
28033;0
28034;0
28035;0
28036;0
28037;0
28038;0
28039;0
28040;0
28041;0
28042;0
28043;0
28044;0
28045;0
28046;0
28047;0
28048;0
28049;0
28050;0
28051;0
28052;0
28053;0
28054;0
28055;0
28056;0
28057;0
28058;0
28059;0
28060;0
28061;0
28062;0
28063;0
28064;0
28065;0
28066;0
28067;0
28068;0
28069;1
28070;0
28071;2
28072;0
28073;0
28074;0
28075;0
28076;0
28078;0
28079;0
28080;0
28082;0
28083;0
28084;0
28085;0
28086;0
28087;0
28088;0
28089;0
28090;0
28091;0
28092;0
28093;0
28094;0
28095;0
28096;0
28097;0
28099;0
28100;0
28101;0
28102;0
28104;0
28106;0
28107;0
28108;0
28109;0
28110;0
28111;0
28112;0
28113;0
28114;0
28115;0
28116;0
28117;0
28118;0
28119;0
28120;0
28121;0
28122;0
28123;0
28124;0
28125;0
28126;1
28127;0
28128;0
28129;0
28130;0
28131;0
28132;0
28133;0
28134;0
28135;0
28136;0
28137;0
28138;6
28140;0
28141;0
28143;2
28144;0
28145;0
28146;0
28147;0
28148;0
28149;0
28150;0
28151;0
28152;0
28153;0
28154;0
28155;4
28156;0
28157;0
28158;0
28159;0
28160;0
28161;0
28162;0
28163;0
28164;0
28165;0
28166;0
28167;0
28168;0
28169;0
28170;0
28171;0
28172;0
28173;0
28174;0
28175;0
28176;0
28177;0
28178;0
28179;0
28180;0
28181;0
28182;0
28183;0
28901;0
28902;0
28903;0
29001;0
29002;0
29003;4
29004;6
29005;0
29006;2
29007;0
29008;0
29009;5
29010;4
29011;5
29012;0
29013;4
29014;4
29015;0
29016;0
29017;5
29018;4
29019;6
29020;0
29021;0
29022;6
29023;0
29024;4
29025;0
29026;4
29027;0
29028;5
29029;3
29030;4
29031;5
29032;0
29033;2
29034;0
29035;2
29036;4
29037;0
29038;0
29039;0
29040;4
29041;0
29042;0
29043;0
29044;6
29045;0
29046;2
29047;5
29048;4
29049;5
29050;0
29051;0
29052;1
29053;0
29054;0
29055;0
29056;4
29057;6
29058;0
29059;0
29060;1
29061;0
29062;0
29063;6
29064;3
29065;1
29066;0
29067;0
29068;0
29069;0
29070;0
29071;0
29072;0
29073;0
29074;4
29075;0
29076;0
29077;0
29079;4
29080;0
29081;0
29082;0
29083;0
29084;5
29085;6
29086;0
29087;0
29088;0
29089;5
29090;4
29091;0
29092;0
29093;5
29094;0
29095;5
29096;0
29097;0
29098;4
29099;0
29100;4
29901;0
29902;0
29903;0
29904;0
30001;5
30002;0
30003;0
30004;0
30005;0
30006;0
30007;0
30008;0
30009;0
30010;0
30011;0
30012;0
30013;0
30014;5
30015;0
30016;0
30017;0
30018;0
30019;0
30020;0
30021;0
30022;0
30023;0
30024;0
30025;0
30026;0
30027;0
30028;5
30029;0
30030;0
30031;6
30032;0
30033;0
30034;4
30035;0
30036;0
30037;0
30038;0
30039;0
30040;5
30041;0
30042;0
30043;0
30901;0
30902;0
31001;6
31002;0
31003;2
31004;1
31005;1
31006;0
31007;0
31008;3
31009;2
31010;0
31011;0
31012;5
31013;5
31014;0
31015;0
31016;0
31017;0
31018;0
31019;0
31020;5
31021;1
31022;5
31023;0
31024;2
31025;0
31026;3
31027;0
31028;4
31029;4
31030;6
31031;5
31032;0
31033;2
31034;1
31035;1
31036;5
31037;0
31038;0
31039;0
31040;0
31041;0
31042;0
31043;1
31044;0
31045;0
31046;1
31047;2
31048;0
31049;0
31050;0
31051;6
31052;0
31053;6
31054;5
31055;0
31056;0
31057;5
31058;6
31059;4
31060;0
31061;1
31062;5
31063;1
31064;0
31065;0
31066;1
31067;5
31068;0
31069;5
31070;0
31071;2
31072;0
31073;4
31074;0
31075;0
31076;0
31077;0
31078;5
31079;1
31080;4
31081;0
31082;0
31083;0
31084;0
31085;0
31086;0
31087;0
31088;0
31089;0
31090;4
31091;2
31092;0
31093;2
31094;1
31095;3
31096;2
31097;0
31098;0
31099;3
31100;4
31101;0
31102;1
31103;1
31104;4
31105;0
31106;0
31107;0
31108;0
31109;0
31110;2
31111;3
31112;2
31113;4
31114;0
31115;2
31116;1
31117;4
31118;1
31119;1
31120;5
31121;0
31122;0
31123;0
31124;0
31125;5
31126;0
31127;0
31128;6
31129;0
31130;0
31131;0
31132;0
31133;3
31134;2
31135;0
31136;0
31137;2
31138;0
31139;2
31140;0
31141;1
31142;0
31143;1
31144;4
31145;3
31146;6
31147;0
31148;4
31149;0
31150;4
31151;1
31152;4
31153;0
31154;4
31155;6
31156;0
31157;0
31158;0
31159;5
31160;0
31161;0
31162;1
31163;0
31164;5
31165;5
31166;2
31167;0
31168;4
31169;0
31170;0
31171;5
31172;0
31173;5
31174;2
31175;3
31176;0
31177;0
31178;0
31179;4
31180;3
31181;2
31182;3
31183;0
31184;1
31185;2
31186;0
31187;3
31188;0
31189;4
31190;4
31191;0
31192;0
31193;0
31194;0
31195;4
31196;3
31197;3
31198;2
31199;1
31200;0
31201;0
31202;0
31203;1
31204;6
31205;4
31206;0
31207;0
31208;0
31209;0
31210;1
31211;1
31212;1
31213;1
31214;4
31215;0
31216;0
31217;6
31219;4
31220;5
31221;0
31222;3
31223;4
31224;5
31225;0
31226;4
31227;0
31228;0
31229;3
31230;3
31231;6
31232;0
31233;0
31234;0
31235;4
31236;0
31237;5
31238;0
31239;4
31240;0
31241;2
31242;0
31243;0
31244;1
31245;2
31246;0
31247;1
31248;3
31249;0
31250;0
31251;0
31252;2
31253;0
31254;0
31255;6
31256;3
31257;0
31258;0
31259;0
31260;0
31261;0
31262;0
31263;4
31264;4
31265;1
31901;5
31902;0
31903;0
31904;0
31905;0
31906;0
31907;0
31908;0
32001;0
32002;0
32003;2
32004;6
32005;4
32006;1
32007;2
32008;0
32009;0
32010;3
32011;2
32012;1
32013;2
32014;3
32015;2
32016;3
32017;2
32018;4
32019;0
32020;2
32021;4
32022;1
32023;2
32024;5
32025;2
32026;5
32027;4
32028;2
32029;1
32030;4
32031;4
32032;0
32033;2
32034;4
32035;2
32036;2
32037;2
32038;3
32039;2
32040;4
32041;2
32042;3
32043;5
32044;2
32045;5
32046;4
32047;4
32048;2
32049;3
32050;2
32051;4
32052;4
32053;4
32054;5
32055;4
32056;1
32057;1
32058;0
32059;2
32060;5
32061;2
32062;1
32063;4
32064;3
32065;2
32066;1
32067;4
32068;2
32069;4
32070;1
32071;2
32072;5
32073;4
32074;4
32075;0
32076;2
32077;2
32078;2
32079;4
32080;3
32081;4
32082;2
32083;2
32084;3
32085;0
32086;2
32087;4
32088;2
32089;2
32090;5
32091;2
32092;2
33001;2
33002;2
33003;4
33004;5
33005;2
33006;4
33007;2
33008;5
33009;4
33010;4
33011;2
33012;5
33013;2
33014;5
33015;4
33016;5
33017;2
33018;5
33019;2
33020;5
33021;4
33022;3
33023;5
33024;0
33025;5
33026;4
33027;2
33028;1
33029;1
33030;4
33031;5
33032;5
33033;4
33034;4
33035;0
33036;0
33037;4
33038;5
33039;5
33040;5
33041;5
33042;0
33043;5
33044;0
33045;5
33046;2
33047;2
33048;1
33049;4
33050;4
33051;4
33052;4
33053;4
33054;5
33055;4
33056;5
33057;5
33058;2
33059;2
33060;4
33061;2
33062;4
33063;2
33064;1
33065;5
33066;0
33067;5
33068;2
33069;5
33070;5
33071;2
33072;2
33073;2
33074;5
33075;2
33076;0
33077;2
33078;1
34001;2
34003;1
34004;5
34005;2
34006;2
34009;3
34010;2
34011;2
34012;2
34015;1
34017;4
34018;4
34019;1
34020;1
34022;4
34023;0
34024;1
34025;2
34027;6
34028;2
34029;2
34031;1
34032;1
34033;1
34034;1
34035;1
34036;1
34037;6
34038;2
34039;2
34041;4
34042;4
34045;6
34046;1
34047;5
34048;1
34049;1
34050;3
34051;1
34052;2
34053;5
34055;1
34056;5
34057;4
34058;3
34059;2
34060;1
34061;1
34062;1
34063;1
34066;6
34067;1
34068;0
34069;5
34070;1
34071;1
34072;1
34073;4
34074;2
34076;4
34077;0
34079;0
34080;2
34081;6
34082;2
34083;4
34084;1
34086;4
34087;0
34088;0
34089;1
34091;3
34092;1
34093;2
34094;1
34096;2
34098;0
34099;3
34100;2
34101;2
34102;2
34103;1
34104;2
34106;1
34107;3
34108;4
34109;1
34110;1
34112;1
34113;2
34114;6
34116;1
34120;5
34121;1
34122;0
34123;4
34124;1
34125;1
34126;4
34127;1
34129;2
34130;2
34131;1
34132;1
34133;4
34134;1
34135;5
34136;3
34137;1
34139;4
34140;1
34141;0
34143;4
34146;1
34147;2
34149;1
34151;1
34152;2
34154;4
34155;2
34156;2
34157;5
34158;0
34159;1
34160;1
34161;1
34163;1
34165;1
34167;2
34168;1
34169;5
34170;3
34171;2
34174;3
34175;2
34176;4
34177;2
34178;1
34179;1
34180;6
34181;4
34182;4
34184;1
34185;1
34186;1
34189;3
34190;1
34192;3
34196;2
34199;2
34201;4
34202;2
34204;1
34205;4
34206;2
34208;3
34210;2
34211;6
34213;4
34214;2
34215;2
34216;1
34217;0
34218;5
34220;0
34221;2
34222;3
34223;2
34224;1
34225;0
34227;2
34228;2
34229;1
34230;0
34231;6
34232;2
34233;1
34234;1
34236;6
34237;4
34238;2
34240;3
34241;1
34242;6
34243;2
34245;2
34246;1
34901;3
34902;1
34903;3
34904;2
35001;5
35002;0
35003;0
35004;0
35005;2
35006;0
35007;0
35008;0
35009;0
35010;0
35011;0
35012;0
35013;4
35014;0
35015;0
35016;0
35017;0
35018;0
35019;0
35020;4
35021;0
35022;0
35023;5
35024;0
35025;4
35026;0
35027;0
35028;0
35029;0
35030;0
35031;0
35032;5
35033;0
35034;0
36001;2
36002;0
36003;0
36004;5
36005;0
36006;0
36007;4
36008;0
36009;4
36010;5
36013;2
36014;2
36015;5
36016;2
36017;5
36018;2
36019;2
36020;1
36021;0
36022;5
36023;0
36024;0
36025;4
36026;5
36027;5
36028;5
36029;0
36030;5
36031;4
36032;5
36033;0
36034;4
36035;0
36036;0
36037;5
36038;0
36039;0
36040;5
36041;0
36042;0
36043;5
36044;0
36045;0
36046;0
36047;1
36048;0
36049;0
36050;0
36051;0
36052;5
36053;0
36054;0
36055;0
36056;5
36057;0
36058;0
36059;4
36060;0
36061;5
36901;5
36902;0
37001;3
37002;1
37003;1
37004;3
37005;1
37006;3
37007;1
37008;0
37009;3
37010;4
37011;1
37012;1
37013;1
37014;1
37015;3
37016;0
37017;3
37018;0
37019;2
37020;4
37021;1
37022;3
37023;0
37024;2
37025;4
37026;1
37027;0
37028;3
37029;1
37030;5
37031;3
37032;0
37033;1
37034;1
37035;6
37036;1
37037;3
37038;5
37039;1
37040;2
37041;2
37042;2
37044;3
37045;1
37046;4
37047;0
37049;1
37050;1
37051;1
37052;1
37054;3
37055;2
37056;1
37057;2
37058;1
37059;2
37060;0
37061;6
37062;2
37063;6
37065;1
37067;0
37068;2
37069;0
37070;4
37071;1
37072;1
37073;0
37074;2
37077;2
37078;4
37079;1
37080;4
37081;2
37082;4
37083;1
37085;0
37086;0
37087;0
37088;4
37089;2
37090;1
37091;1
37092;0
37096;1
37097;6
37098;1
37099;6
37100;2
37101;3
37102;2
37103;4
37104;3
37106;1
37107;5
37108;1
37109;1
37110;2
37112;1
37113;2
37114;1
37115;1
37116;1
37117;0
37118;1
37119;1
37120;4
37121;4
37122;2
37123;3
37124;3
37125;4
37126;2
37127;4
37128;2
37129;4
37130;2
37131;3
37132;3
37133;4
37134;3
37135;5
37136;2
37137;1
37138;0
37139;3
37140;6
37141;1
37142;0
37143;2
37144;1
37145;2
37146;1
37147;1
37148;2
37149;1
37150;2
37151;2
37152;6
37154;1
37155;6
37156;0
37157;1
37158;4
37159;3
37160;2
37161;1
37162;1
37163;0
37164;0
37165;1
37166;2
37167;0
37168;2
37169;2
37170;3
37171;6
37172;5
37173;4
37174;2
37175;5
37176;4
37177;3
37178;2
37179;1
37180;1
37181;3
37182;6
37183;4
37184;1
37185;0
37186;3
37187;5
37188;3
37189;0
37190;1
37191;1
37192;0
37193;3
37194;3
37195;1
37196;1
37197;6
37198;4
37199;1
37200;2
37201;2
37202;0
37203;3
37204;1
37205;0
37206;2
37207;0
37208;1
37209;0
37211;2
37212;6
37213;2
37214;3
37215;2
37216;4
37217;3
37218;1
37219;2
37221;1
37222;6
37223;1
37224;2
37225;2
37226;1
37228;2
37229;1
37230;0
37231;3
37232;2
37233;0
37234;2
37235;2
37236;1
37237;3
37238;1
37239;3
37240;0
37241;4
37242;0
37243;1
37244;1
37245;2
37246;5
37247;3
37248;2
37249;1
37250;3
37251;3
37252;1
37253;2
37254;2
37255;6
37256;3
37257;1
37258;1
37259;1
37260;1
37261;1
37262;2
37263;4
37264;3
37265;2
37266;3
37267;3
37268;2
37269;4
37270;6
37271;2
37272;4
37273;1
37274;5
37275;1
37276;1
37277;0
37278;0
37279;1
37280;1
37281;1
37282;2
37283;1
37284;2
37285;1
37286;4
37287;2
37288;0
37289;2
37290;0
37291;3
37292;1
37293;1
37294;0
37296;3
37297;2
37298;6
37299;2
37300;4
37301;1
37302;3
37303;2
37304;1
37305;2
37306;1
37307;1
37309;3
37310;0
37311;1
37312;2
37313;4
37314;6
37315;3
37316;4
37317;2
37318;4
37319;3
37320;2
37321;2
37322;4
37323;4
37324;2
37325;1
37327;4
37328;3
37329;1
37330;2
37331;3
37332;2
37333;2
37334;3
37335;6
37336;1
37337;2
37338;4
37339;2
37340;1
37341;1
37342;2
37343;0
37344;6
37345;1
37346;2
37347;0
37348;3
37349;1
37350;1
37351;1
37352;3
37353;2
37354;0
37355;1
37356;1
37357;2
37358;2
37359;1
37360;2
37361;4
37362;0
37363;3
37364;2
37365;6
37366;1
37367;1
37368;0
37369;2
37370;3
37371;1
37372;2
37373;2
37374;4
37375;4
37376;4
37377;2
37378;1
37379;2
37380;1
37381;2
37382;1
38001;0
38002;5
38003;0
38004;0
38005;0
38006;0
38007;6
38008;0
38009;0
38010;5
38011;0
38012;0
38013;4
38014;4
38015;5
38016;2
38017;0
38018;0
38019;0
38020;0
38021;4
38022;0
38023;0
38024;0
38025;0
38026;0
38027;0
38028;0
38029;0
38030;0
38031;0
38032;0
38033;4
38034;0
38035;0
38036;0
38037;5
38038;5
38039;0
38040;0
38041;0
38042;5
38043;0
38044;6
38045;5
38046;0
38047;5
38048;0
38049;0
38050;0
38051;0
38052;0
38053;0
38901;0
39001;5
39002;0
39003;3
39004;4
39005;0
39006;0
39007;4
39008;0
39009;0
39010;1
39011;0
39012;0
39013;4
39014;4
39015;2
39016;0
39017;5
39018;0
39019;0
39020;0
39021;4
39022;0
39023;0
39024;4
39025;0
39026;5
39027;5
39028;0
39029;0
39030;0
39031;0
39032;2
39033;2
39034;2
39035;5
39036;0
39037;0
39038;0
39039;1
39040;0
39041;0
39042;0
39043;0
39044;0
39045;4
39046;2
39047;0
39048;0
39049;0
39050;2
39051;1
39052;0
39053;2
39054;0
39055;5
39056;0
39057;0
39058;4
39059;4
39060;0
39061;0
39062;0
39063;2
39064;0
39065;2
39066;0
39067;2
39068;0
39069;0
39070;6
39071;2
39072;3
39073;0
39074;0
39075;5
39076;0
39077;6
39078;0
39079;5
39080;5
39081;5
39082;5
39083;2
39084;0
39085;0
39086;5
39087;5
39088;3
39089;1
39090;0
39091;5
39092;2
39093;0
39094;4
39095;0
39096;2
39097;2
39098;5
39099;0
39100;4
39101;3
39102;0
40001;0
40002;1
40003;1
40004;2
40005;1
40006;1
40007;6
40008;1
40009;1
40010;1
40012;3
40013;1
40014;1
40015;1
40016;1
40017;1
40018;3
40019;1
40020;6
40021;1
40022;4
40024;4
40025;3
40026;0
40028;4
40029;1
40030;3
40031;0
40032;0
40033;0
40034;4
40035;0
40036;5
40037;1
40039;3
40040;0
40041;0
40043;0
40044;2
40045;0
40046;0
40047;1
40048;1
40049;1
40051;1
40052;6
40053;1
40054;6
40055;3
40056;1
40057;4
40058;2
40059;4
40060;1
40061;1
40062;0
40063;0
40065;6
40068;3
40069;6
40070;0
40071;1
40072;0
40073;6
40074;4
40075;1
40076;0
40077;0
40078;2
40079;0
40080;0
40081;6
40082;1
40083;0
40084;3
40086;4
40087;1
40088;1
40089;2
40091;6
40092;1
40093;2
40094;0
40095;0
40097;0
40099;1
40100;4
40101;0
40103;1
40104;0
40105;6
40106;1
40107;3
40108;1
40109;1
40110;3
40111;3
40112;0
40113;0
40115;1
40118;1
40119;0
40120;0
40121;1
40122;0
40123;1
40124;4
40125;1
40126;3
40127;1
40128;3
40129;6
40130;2
40131;2
40132;1
40134;5
40135;2
40136;3
40138;0
40139;6
40140;3
40141;4
40142;1
40143;1
40144;1
40145;4
40146;0
40148;6
40149;1
40150;1
40151;1
40152;0
40154;1
40155;0
40156;3
40157;1
40158;1
40159;1
40160;1
40161;1
40162;6
40163;1
40164;2
40165;1
40166;6
40168;1
40170;0
40171;0
40172;1
40173;0
40174;6
40176;2
40177;2
40178;3
40179;0
40180;2
40181;0
40182;6
40183;6
40184;3
40185;2
40186;1
40188;6
40189;2
40190;2
40191;6
40192;3
40193;2
40194;5
40195;3
40196;1
40198;6
40199;1
40200;6
40201;3
40202;1
40203;0
40204;1
40205;3
40206;0
40207;0
40208;2
40210;1
40211;0
40212;1
40213;2
40214;6
40215;1
40216;0
40218;1
40219;4
40220;6
40221;1
40222;3
40223;0
40224;1
40225;4
40228;4
40229;1
40230;6
40231;1
40233;4
40234;2
40901;0
40902;4
40903;1
40904;0
40905;1
40906;0
41001;0
41002;5
41003;0
41004;0
41005;0
41006;5
41007;0
41008;5
41009;4
41010;0
41011;0
41012;0
41013;0
41014;5
41015;0
41016;0
41017;0
41018;0
41019;0
41020;0
41021;0
41022;0
41023;0
41024;0
41025;0
41026;0
41027;0
41028;0
41029;0
41030;0
41031;5
41032;5
41033;5
41034;0
41035;4
41036;5
41037;5
41038;0
41039;0
41040;0
41041;0
41042;5
41043;0
41044;0
41045;0
41046;5
41047;0
41048;4
41049;0
41050;0
41051;0
41052;0
41053;0
41054;0
41055;5
41056;0
41057;6
41058;0
41059;0
41060;0
41061;5
41062;5
41063;0
41064;0
41065;5
41066;4
41067;0
41068;0
41069;0
41070;0
41071;5
41072;0
41073;5
41074;5
41075;0
41076;4
41077;0
41078;5
41079;0
41080;4
41081;0
41082;5
41083;4
41084;5
41085;0
41086;0
41087;0
41088;4
41089;0
41090;5
41091;5
41092;0
41093;0
41094;0
41095;0
41096;0
41097;0
41098;0
41099;5
41100;4
41101;0
41102;0
41901;0
41902;5
41903;0
41904;0
42001;3
42003;1
42004;5
42006;0
42007;1
42008;1
42009;1
42010;0
42011;1
42012;3
42013;1
42014;1
42015;1
42016;1
42017;0
42018;1
42019;6
42020;5
42021;1
42022;6
42023;1
42024;2
42025;6
42026;0
42027;1
42028;0
42029;1
42030;2
42031;1
42032;1
42033;1
42034;0
42035;4
42036;6
42037;1
42038;1
42039;3
42041;2
42042;0
42043;0
42044;1
42045;4
42046;6
42048;1
42049;1
42050;1
42051;1
42052;1
42053;1
42054;0
42055;2
42056;0
42057;1
42058;1
42059;1
42060;1
42061;5
42062;1
42063;1
42064;3
42065;1
42068;1
42069;5
42070;1
42071;2
42073;6
42075;3
42076;2
42078;4
42079;1
42080;1
42081;3
42082;1
42083;1
42084;1
42085;1
42086;1
42087;0
42088;1
42089;0
42090;1
42092;1
42093;6
42094;0
42095;0
42096;6
42097;0
42098;1
42100;1
42103;4
42105;3
42106;1
42107;1
42108;2
42110;1
42111;3
42113;4
42115;1
42116;3
42117;3
42118;1
42119;3
42120;1
42121;1
42123;1
42124;2
42125;0
42127;1
42128;4
42129;4
42130;1
42131;1
42132;6
42134;0
42135;6
42139;3
42140;2
42141;4
42142;3
42144;2
42145;2
42148;6
42149;0
42151;6
42152;1
42153;1
42154;2
42155;3
42156;2
42157;1
42158;4
42159;1
42160;6
42161;6
42162;4
42163;1
42164;4
42165;0
42166;0
42167;3
42168;1
42171;1
42172;3
42173;0
42174;2
42175;1
42176;1
42177;1
42178;1
42181;2
42182;1
42183;1
42184;1
42185;4
42187;1
42188;1
42189;1
42190;2
42191;1
42192;1
42193;1
42194;1
42195;1
42196;1
42197;3
42198;3
42200;1
42201;0
42202;1
42204;2
42205;1
42206;1
42207;6
42208;1
42209;1
42211;1
42212;3
42213;2
42215;4
42216;1
42217;6
42218;6
42219;3
43001;0
43002;0
43003;0
43004;0
43005;0
43006;0
43007;0
43008;0
43009;0
43010;0
43011;0
43012;0
43013;0
43014;0
43015;2
43016;0
43017;1
43018;4
43019;5
43020;0
43021;0
43022;5
43023;6
43024;0
43025;4
43026;0
43027;2
43028;0
43029;0
43030;0
43031;0
43032;2
43033;0
43034;0
43035;5
43036;0
43037;0
43038;0
43039;1
43040;5
43041;2
43042;0
43043;0
43044;0
43045;5
43046;3
43047;0
43048;6
43049;0
43050;0
43051;0
43052;5
43053;0
43054;0
43055;0
43056;4
43057;6
43058;1
43059;0
43060;4
43061;1
43062;0
43063;4
43064;0
43065;0
43066;0
43067;1
43068;6
43069;0
43070;6
43071;4
43072;3
43073;1
43074;0
43075;6
43076;0
43077;5
43078;0
43079;0
43080;0
43081;0
43082;5
43083;0
43084;4
43085;0
43086;0
43088;0
43089;0
43090;0
43091;0
43092;0
43093;0
43094;0
43095;0
43096;1
43097;0
43098;0
43099;4
43100;0
43101;1
43102;5
43103;0
43104;0
43105;0
43106;4
43107;0
43108;0
43109;0
43110;2
43111;0
43112;3
43113;6
43114;4
43115;1
43116;0
43117;6
43118;0
43119;0
43120;0
43121;6
43122;0
43123;0
43124;4
43125;6
43126;0
43127;0
43128;0
43129;0
43130;3
43131;0
43132;0
43133;0
43134;0
43135;0
43136;0
43137;0
43138;0
43139;0
43140;0
43141;6
43142;0
43143;4
43144;0
43145;0
43146;0
43147;0
43148;0
43149;5
43150;4
43151;0
43152;4
43153;0
43154;0
43155;0
43156;0
43157;2
43158;3
43159;1
43160;0
43161;0
43162;0
43163;0
43164;0
43165;5
43166;0
43167;0
43168;4
43169;0
43170;0
43171;0
43172;0
43173;0
43174;0
43175;4
43176;4
43177;6
43178;0
43901;0
43902;0
43903;0
43904;0
43905;0
43906;0
43907;0
44001;2
44002;1
44003;6
44004;6
44005;1
44006;1
44007;3
44008;5
44009;5
44010;0
44011;3
44012;3
44013;0
44014;0
44016;1
44017;2
44018;1
44019;3
44020;2
44021;6
44022;6
44023;0
44024;0
44025;4
44026;2
44027;5
44028;2
44029;6
44031;1
44032;1
44033;1
44034;2
44035;3
44036;1
44037;4
44038;4
44039;1
44040;0
44041;1
44042;2
44043;1
44044;6
44045;6
44046;1
44047;2
44048;1
44049;4
44050;0
44051;0
44052;6
44053;1
44054;1
44055;6
44056;6
44059;5
44060;1
44061;6
44062;1
44063;1
44064;3
44065;1
44066;3
44067;0
44068;5
44070;1
44071;6
44074;0
44075;3
44076;4
44077;4
44080;3
44082;0
44084;1
44085;2
44086;4
44087;1
44088;1
44089;0
44090;0
44092;1
44093;0
44094;2
44096;2
44097;3
44099;3
44100;1
44101;1
44102;1
44103;3
44105;6
44106;0
44107;0
44108;0
44109;1
44110;1
44111;3
44112;6
44113;0
44114;6
44115;0
44116;1
44117;2
44118;4
44119;0
44120;5
44121;0
44122;4
44123;3
44124;1
44125;1
44126;6
44127;3
44128;3
44129;2
44130;1
44131;1
44132;0
44133;3
44135;6
44136;1
44137;3
44138;3
44141;2
44142;3
44143;0
44144;2
44145;5
44146;4
44147;4
44148;3
44149;2
44150;1
44151;3
44152;0
44153;0
44154;4
44155;2
44156;6
44157;1
44158;0
44159;0
44160;2
44161;2
44163;2
44164;0
44165;1
44167;1
44168;3
44169;3
44171;0
44172;2
44173;2
44174;4
44175;2
44176;2
44177;1
44178;1
44179;4
44180;1
44181;2
44182;6
44183;1
44184;0
44185;3
44187;2
44189;1
44190;1
44191;4
44192;4
44193;1
44194;1
44195;1
44196;1
44197;6
44198;4
44199;6
44200;6
44201;0
44203;0
44204;2
44205;3
44206;6
44207;1
44208;0
44209;5
44210;0
44211;3
44212;4
44213;4
44215;4
44216;0
44217;0
44218;3
44219;3
44220;6
44221;0
44222;3
44223;1
44224;6
44225;3
44226;1
44227;6
44228;2
44229;0
44230;3
44231;1
44232;1
44234;1
44235;2
44236;6
44237;3
44238;4
44239;0
44240;4
44241;2
44243;1
44244;1
44245;2
44246;0
44247;2
44249;1
44250;1
44251;4
44252;0
44256;3
44257;3
44258;2
44260;6
44261;5
44262;2
44263;0
44264;0
44265;3
44266;2
44267;3
44268;0
45001;0
45002;0
45003;0
45004;0
45005;4
45006;6
45007;0
45008;6
45009;3
45010;1
45011;6
45012;0
45013;6
45014;0
45015;0
45016;0
45017;5
45018;0
45019;0
45020;4
45021;0
45022;2
45023;0
45024;0
45025;0
45026;0
45027;6
45028;0
45029;4
45030;5
45031;0
45032;0
45033;1
45034;0
45035;0
45036;4
45037;4
45038;0
45039;2
45040;0
45041;0
45042;2
45043;4
45045;0
45046;0
45047;0
45048;4
45049;0
45050;0
45051;0
45052;0
45053;0
45054;6
45055;6
45056;0
45057;1
45058;1
45059;0
45060;3
45061;0
45062;5
45063;3
45064;0
45065;3
45066;0
45067;4
45068;0
45069;0
45070;0
45071;4
45072;0
45073;6
45074;5
45075;0
45076;0
45077;0
45078;0
45079;4
45080;1
45081;0
45082;4
45083;0
45084;6
45085;0
45086;0
45087;5
45088;0
45089;4
45090;6
45091;6
45092;6
45093;0
45094;2
45095;6
45096;0
45097;0
45098;6
45099;0
45100;2
45101;0
45102;0
45103;2
45104;0
45105;3
45106;0
45107;0
45108;2
45109;4
45110;6
45111;3
45112;2
45113;4
45114;4
45115;0
45116;0
45117;4
45118;0
45119;0
45120;1
45121;0
45122;0
45123;0
45124;5
45125;5
45126;0
45127;0
45128;0
45129;3
45130;4
45131;6
45132;0
45133;0
45134;0
45135;4
45136;0
45137;0
45138;4
45139;1
45140;0
45141;6
45142;0
45143;0
45144;4
45145;0
45146;1
45147;0
45148;1
45149;2
45150;6
45151;6
45152;6
45153;4
45154;0
45155;3
45156;4
45157;0
45158;0
45159;2
45160;0
45161;0
45162;1
45163;0
45164;3
45165;0
45166;4
45167;6
45168;0
45169;6
45170;1
45171;0
45172;3
45173;0
45174;4
45175;4
45176;0
45177;6
45179;6
45180;0
45181;0
45182;4
45183;0
45184;2
45185;0
45186;4
45187;4
45188;0
45189;0
45190;4
45191;4
45192;4
45193;4
45194;1
45195;4
45196;0
45197;0
45198;0
45199;0
45200;5
45201;0
45202;0
45203;0
45204;0
45205;0
45901;0
46001;6
46002;0
46003;5
46004;0
46005;0
46006;0
46007;0
46008;5
46009;0
46010;0
46011;0
46012;0
46013;0
46014;0
46015;0
46016;4
46017;0
46018;3
46019;0
46020;0
46021;0
46022;0
46023;0
46024;0
46025;0
46026;0
46027;0
46028;0
46029;0
46030;0
46031;0
46032;0
46033;6
46034;0
46035;0
46036;2
46037;0
46038;3
46039;0
46040;4
46041;4
46042;0
46043;2
46044;5
46045;5
46046;0
46047;5
46048;0
46049;4
46050;1
46051;0
46052;0
46053;0
46054;0
46055;0
46056;4
46057;0
46058;0
46059;5
46060;5
46061;0
46062;0
46063;0
46064;0
46065;0
46066;0
46067;0
46068;0
46069;4
46070;0
46071;2
46072;5
46073;5
46074;0
46075;4
46076;6
46077;0
46078;0
46079;6
46080;4
46081;0
46082;0
46083;5
46084;4
46085;0
46086;0
46087;2
46088;1
46089;0
46090;0
46091;6
46092;1
46093;0
46094;0
46095;4
46096;0
46097;0
46098;0
46099;1
46100;4
46101;5
46102;5
46103;0
46104;5
46105;0
46106;2
46107;4
46108;2
46109;0
46110;0
46111;0
46112;6
46113;0
46114;0
46115;1
46116;0
46117;0
46118;0
46119;5
46120;0
46121;2
46122;0
46123;0
46124;5
46125;0
46126;0
46127;0
46128;5
46129;5
46130;4
46131;0
46132;0
46133;6
46134;0
46135;0
46136;0
46137;3
46138;0
46139;0
46140;0
46141;5
46142;4
46143;0
46144;5
46145;0
46146;0
46147;0
46148;0
46149;0
46150;5
46151;0
46152;0
46153;5
46154;0
46155;0
46156;0
46157;0
46158;0
46159;0
46160;0
46161;0
46162;0
46163;0
46164;0
46165;0
46166;0
46167;2
46168;0
46169;0
46170;0
46171;0
46172;0
46173;6
46174;4
46175;3
46176;0
46177;0
46178;0
46179;0
46180;0
46181;0
46182;0
46183;0
46184;0
46185;2
46186;0
46187;0
46188;0
46189;0
46190;0
46191;0
46192;0
46193;0
46194;0
46195;0
46196;1
46197;5
46198;0
46199;0
46200;0
46201;1
46202;0
46203;0
46204;0
46205;0
46206;4
46207;0
46208;4
46209;5
46210;0
46211;0
46212;0
46213;0
46214;0
46215;0
46216;0
46217;0
46218;2
46219;1
46220;0
46221;5
46222;0
46223;0
46224;1
46225;2
46226;3
46227;0
46228;0
46229;6
46230;0
46231;0
46232;4
46233;0
46234;0
46235;0
46236;4
46237;0
46238;0
46239;2
46240;0
46241;4
46242;4
46243;2
46244;0
46245;0
46246;0
46247;2
46248;0
46249;5
46250;0
46251;4
46252;1
46253;0
46254;3
46255;0
46256;0
46257;0
46258;0
46259;3
46260;0
46261;0
46262;3
46263;3
46902;6
46903;0
46904;0
47001;1
47002;1
47003;3
47004;4
47005;4
47006;1
47007;0
47008;1
47009;1
47010;0
47011;2
47012;1
47013;3
47014;1
47015;1
47016;1
47017;4
47018;1
47019;0
47020;2
47021;1
47022;1
47023;0
47024;3
47025;2
47026;1
47027;0
47028;1
47029;1
47030;2
47031;2
47032;4
47033;6
47034;1
47035;4
47036;6
47037;2
47038;3
47039;1
47040;1
47041;1
47042;2
47043;1
47044;0
47045;4
47046;6
47047;6
47048;3
47049;1
47050;0
47051;4
47052;0
47053;1
47054;2
47055;2
47056;1
47057;0
47058;3
47059;6
47060;3
47061;1
47062;1
47063;2
47064;1
47065;2
47066;0
47067;1
47068;3
47069;4
47070;3
47071;0
47073;1
47074;0
47075;0
47076;0
47077;1
47078;2
47079;1
47080;6
47081;1
47082;0
47083;2
47084;6
47085;0
47086;5
47087;5
47088;1
47089;3
47090;0
47091;1
47092;1
47093;4
47094;3
47095;0
47096;1
47097;2
47098;0
47099;1
47100;3
47101;5
47102;1
47103;2
47104;0
47105;3
47106;3
47109;2
47110;2
47111;0
47112;0
47113;2
47114;4
47115;2
47116;4
47117;2
47118;3
47119;2
47121;2
47122;5
47123;0
47124;6
47125;3
47126;1
47127;2
47128;2
47129;4
47130;6
47131;2
47132;1
47133;0
47134;1
47135;2
47137;1
47138;6
47139;5
47140;1
47141;3
47142;3
47143;1
47144;2
47145;4
47146;0
47147;2
47148;2
47149;0
47150;6
47151;1
47152;1
47153;2
47154;6
47155;0
47156;2
47157;4
47158;0
47159;0
47160;3
47161;0
47162;1
47163;2
47164;2
47165;0
47166;2
47167;1
47168;0
47169;1
47170;6
47171;2
47172;6
47173;0
47174;0
47175;0
47176;1
47177;2
47178;6
47179;5
47180;1
47181;2
47182;0
47183;1
47184;4
47185;4
47186;5
47187;3
47188;1
47189;4
47190;2
47191;2
47192;2
47193;0
47194;4
47195;0
47196;3
47197;5
47198;1
47199;3
47200;1
47203;3
47204;1
47205;4
47206;1
47207;3
47208;1
47209;3
47210;4
47211;0
47212;3
47213;2
47214;4
47215;3
47216;1
47217;0
47218;0
47219;0
47220;6
47221;3
47222;1
47223;2
47224;4
47225;2
47226;3
47227;3
47228;5
47229;2
47230;4
47231;0
47232;4
48001;0
48002;0
48003;0
48004;0
48005;0
48006;0
48007;0
48008;0
48009;0
48010;0
48011;0
48012;0
48013;0
48014;0
48015;5
48016;0
48017;5
48018;0
48019;0
48020;5
48021;5
48022;4
48023;0
48024;0
48025;0
48026;0
48027;0
48028;4
48029;0
48030;4
48031;4
48032;0
48033;0
48034;5
48035;0
48036;0
48037;0
48038;0
48039;0
48040;0
48041;4
48042;0
48043;0
48044;5
48045;0
48046;0
48047;0
48048;0
48049;0
48050;2
48051;2
48052;0
48053;0
48054;0
48055;0
48056;0
48057;5
48058;0
48059;0
48060;0
48061;0
48062;0
48063;0
48064;0
48065;0
48066;0
48067;0
48068;0
48069;0
48070;0
48071;0
48072;0
48073;2
48074;0
48075;0
48076;0
48077;0
48078;5
48079;0
48080;5
48081;0
48082;5
48083;5
48084;4
48085;0
48086;0
48087;5
48088;4
48089;0
48090;0
48091;5
48092;0
48093;0
48094;0
48095;0
48096;0
48097;5
48901;0
48902;0
48903;0
48904;0
48905;0
48906;5
48907;0
48908;0
48909;0
48910;5
48911;0
48912;0
48913;0
48914;0
48915;0
49002;1
49003;4
49004;1
49005;2
49006;2
49007;5
49008;3
49009;4
49010;0
49011;4
49012;2
49013;3
49014;1
49015;1
49016;3
49017;1
49018;3
49019;5
49020;3
49021;0
49022;2
49023;4
49024;4
49025;3
49026;1
49027;1
49028;1
49029;4
49030;1
49031;2
49032;3
49033;3
49034;2
49035;2
49036;4
49037;3
49038;1
49039;0
49040;2
49041;4
49042;2
49043;3
49044;3
49046;2
49047;3
49048;1
49050;4
49052;1
49053;4
49054;4
49055;1
49056;4
49057;1
49058;4
49059;2
49061;4
49062;1
49063;1
49064;4
49065;4
49066;3
49067;2
49068;3
49069;1
49071;2
49075;2
49076;5
49077;3
49078;3
49079;3
49080;2
49081;6
49082;2
49083;1
49084;2
49085;3
49086;3
49087;1
49088;3
49090;2
49091;1
49092;1
49093;4
49094;1
49095;2
49096;3
49097;1
49098;2
49099;1
49100;2
49101;1
49102;3
49103;4
49104;1
49105;1
49107;1
49108;1
49109;2
49110;2
49111;3
49112;3
49113;2
49114;1
49115;2
49116;2
49117;2
49118;4
49119;5
49120;1
49121;2
49122;0
49123;4
49124;1
49125;0
49126;2
49127;0
49128;4
49129;6
49130;1
49131;3
49132;2
49133;2
49134;3
49135;2
49136;2
49137;3
49138;1
49139;1
49141;3
49142;0
49143;1
49145;3
49146;2
49147;1
49148;0
49149;1
49150;1
49151;4
49152;2
49153;1
49154;1
49155;6
49156;2
49157;1
49158;4
49159;5
49160;1
49162;1
49163;1
49164;1
49165;1
49166;4
49167;3
49168;1
49169;1
49170;6
49171;2
49172;2
49173;3
49174;6
49175;2
49176;1
49177;3
49178;0
49179;3
49180;3
49181;2
49183;2
49184;2
49185;3
49186;3
49187;4
49188;6
49189;1
49190;1
49191;2
49192;2
49193;3
49194;1
49197;2
49199;4
49200;5
49201;2
49202;2
49203;1
49204;1
49205;2
49206;4
49207;1
49208;1
49209;4
49210;2
49214;2
49216;2
49219;4
49220;1
49221;2
49222;2
49223;3
49224;2
49225;3
49226;2
49227;0
49228;1
49229;1
49230;1
49231;3
49232;1
49233;1
49234;4
49235;2
49236;1
49237;1
49238;1
49239;4
49240;3
49241;2
49242;3
49243;2
49244;1
49245;2
49246;4
49247;2
49248;2
49249;1
49250;5
49251;1
49252;1
49255;2
49256;4
49257;3
49258;1
49259;1
49260;5
49261;0
49262;5
49263;1
49264;2
49265;3
49266;3
49267;2
49268;1
49269;4
49270;4
49271;1
49272;1
49273;3
49275;5
50001;1
50002;1
50003;2
50004;6
50005;4
50006;4
50007;1
50008;0
50009;3
50010;6
50011;0
50012;2
50013;2
50014;6
50015;1
50016;1
50017;0
50018;0
50019;1
50020;2
50021;1
50022;4
50023;2
50024;4
50025;0
50026;2
50027;2
50028;1
50029;4
50030;1
50031;1
50032;1
50033;6
50034;2
50035;6
50036;4
50037;1
50038;4
50039;3
50040;1
50041;1
50042;1
50043;3
50044;6
50045;4
50046;1
50047;1
50048;6
50050;1
50051;4
50052;3
50053;4
50054;1
50055;0
50056;0
50057;2
50058;2
50059;5
50060;4
50061;3
50062;0
50063;1
50064;4
50065;1
50066;0
50067;0
50068;0
50069;1
50070;1
50071;2
50072;2
50073;0
50074;0
50075;1
50076;1
50077;3
50078;2
50079;3
50080;0
50081;4
50082;3
50083;1
50084;3
50085;1
50086;2
50087;1
50088;3
50089;0
50090;3
50091;1
50092;0
50093;6
50094;4
50095;0
50096;1
50098;1
50099;0
50100;4
50101;4
50102;4
50104;4
50105;2
50106;2
50107;0
50108;0
50109;1
50110;2
50111;4
50113;6
50114;3
50115;0
50116;3
50117;3
50118;4
50119;4
50120;1
50121;6
50122;0
50123;0
50124;4
50125;2
50126;4
50128;1
50129;4
50130;4
50131;6
50132;0
50133;3
50134;1
50135;1
50136;2
50137;4
50138;1
50139;6
50140;4
50141;0
50142;1
50143;6
50144;1
50146;6
50147;4
50148;1
50149;0
50150;2
50151;4
50152;0
50153;5
50154;1
50155;3
50156;6
50157;2
50159;4
50160;0
50161;1
50162;3
50163;0
50164;2
50165;5
50166;4
50167;1
50168;6
50169;2
50170;4
50171;1
50172;1
50173;1
50174;1
50175;2
50176;1
50177;1
50178;3
50179;1
50180;0
50181;0
50182;0
50183;3
50184;3
50185;0
50186;1
50187;1
50188;1
50189;4
50190;0
50191;4
50192;3
50193;0
50194;1
50195;0
50196;4
50197;0
50198;1
50199;0
50200;6
50201;0
50202;1
50203;0
50204;0
50205;1
50206;0
50207;1
50208;0
50209;0
50210;1
50211;6
50212;1
50213;6
50214;1
50215;3
50216;6
50217;6
50218;4
50219;0
50220;1
50221;1
50222;4
50223;4
50224;1
50225;0
50227;1
50228;5
50229;2
50230;6
50231;6
50232;2
50233;1
50234;4
50235;0
50236;1
50237;0
50238;6
50239;1
50240;1
50241;1
50242;0
50243;3
50244;0
50245;1
50246;1
50247;0
50248;2
50249;2
50250;2
50251;0
50252;5
50253;3
50254;2
50255;1
50256;1
50257;4
50258;2
50259;1
50260;6
50261;6
50262;0
50263;1
50264;1
50265;0
50266;1
50267;2
50268;0
50269;0
50270;1
50271;6
50272;0
50273;1
50274;6
50275;0
50276;4
50277;1
50278;3
50279;3
50280;3
50281;3
50282;3
50283;0
50284;1
50285;0
50286;4
50287;3
50288;0
50289;1
50290;4
50291;1
50292;0
50293;1
50294;0
50295;0
50296;4
50297;0
50298;0
50901;1
50902;6
50903;0
51001;0
52001;0
